,ID_Cliente,Nombre,ClienteFactura,ID_Categoria,ID_GrupoCompra,ID_CiudadEntrega,LimiteCredito,FechaAperturaCuenta,DiasPago,LimiteCredito_normalizado
0,1,Tailspin Toys (Head Office),1,3,1.0,19586,0,2013-01-01,7,-0.31152648
1,2,"Tailspin Toys (Sylvanite, MT)",1,3,1.0,33475,0,2013-01-01,7,-0.31152648
2,3,"Tailspin Toys (Peeples Valley, AZ)",1,3,1.0,26483,0,2013-01-01,7,-0.31152648
3,4,"Tailspin Toys (Medicine Lodge, KS)",1,3,1.0,21692,0,2013-01-01,7,-0.31152648
4,5,"Tailspin Toys (Gasport, NY)",1,3,1.0,12748,0,2013-01-01,7,-0.31152648
5,6,"Tailspin Toys (Jessie, ND)",1,3,1.0,17054,0,2013-01-01,7,-0.31152648
6,7,"Tailspin Toys (Frankewing, TN)",1,3,1.0,12152,0,2013-01-01,7,-0.31152648
7,8,"Tailspin Toys (Bow Mar, CO)",1,3,1.0,3673,0,2013-01-01,7,-0.31152648
8,9,"Tailspin Toys (Netcong, NJ)",1,3,1.0,23805,0,2013-01-01,7,-0.31152648
9,10,"Tailspin Toys (Wimbledon, ND)",1,3,1.0,37403,0,2013-01-01,7,-0.31152648
10,11,"Tailspin Toys (Devault, PA)",1,3,1.0,8987,0,2013-01-01,7,-0.31152648
11,12,"Tailspin Toys (Biscay, MN)",1,3,1.0,3081,0,2013-01-01,7,-0.31152648
12,13,"Tailspin Toys (Stonefort, IL)",1,3,1.0,32887,0,2013-01-01,7,-0.31152648
13,14,"Tailspin Toys (Long Meadow, MD)",1,3,1.0,19908,0,2013-01-01,7,-0.31152648
14,15,"Tailspin Toys (Batson, TX)",1,3,1.0,2111,0,2013-01-01,7,-0.31152648
15,16,"Tailspin Toys (Coney Island, MO)",1,3,1.0,7409,0,2013-01-01,7,-0.31152648
16,17,"Tailspin Toys (East Fultonham, OH)",1,3,1.0,9791,0,2013-01-01,7,-0.31152648
17,18,"Tailspin Toys (Goffstown, NH)",1,3,1.0,13304,0,2013-01-01,7,-0.31152648
18,19,"Tailspin Toys (Lemeta, AK)",1,3,1.0,19124,0,2013-01-01,7,-0.31152648
19,20,"Tailspin Toys (College Place, WA)",1,3,1.0,7160,0,2013-01-01,7,-0.31152648
20,21,"Tailspin Toys (Tresckow, PA)",1,3,1.0,34403,0,2013-01-01,7,-0.31152648
21,22,"Tailspin Toys (Ward Ridge, FL)",1,3,1.0,35844,0,2013-01-01,7,-0.31152648
22,23,"Tailspin Toys (Ikatan, AK)",1,3,1.0,16411,0,2013-01-01,7,-0.31152648
23,24,"Tailspin Toys (Dundarrach, NC)",1,3,1.0,9524,0,2013-01-01,7,-0.31152648
24,25,"Tailspin Toys (Avenal, CA)",1,3,1.0,1604,0,2013-01-01,7,-0.31152648
25,26,"Tailspin Toys (Hedrick, IA)",1,3,1.0,15102,0,2013-01-01,7,-0.31152648
26,27,"Tailspin Toys (Bowlus, MN)",1,3,1.0,3707,0,2013-01-01,7,-0.31152648
27,28,"Tailspin Toys (North Ridge, NY)",1,3,1.0,24700,0,2013-01-01,7,-0.31152648
28,29,"Tailspin Toys (Eulaton, AL)",1,3,1.0,10910,0,2013-01-01,7,-0.31152648
29,30,"Tailspin Toys (Koontzville, WA)",1,3,1.0,17999,0,2013-01-01,7,-0.31152648
30,31,"Tailspin Toys (Lake Stevens, WA)",1,3,1.0,18460,0,2013-01-01,7,-0.31152648
31,32,"Tailspin Toys (Maypearl, TX)",1,3,1.0,21367,0,2013-01-01,7,-0.31152648
32,33,"Tailspin Toys (Boyden Arbor, SC)",1,3,1.0,3736,0,2013-01-01,7,-0.31152648
33,34,"Tailspin Toys (Dallardsville, TX)",1,3,1.0,8375,0,2013-01-01,7,-0.31152648
34,35,"Tailspin Toys (Slanesville, WV)",1,3,1.0,31758,0,2013-01-01,7,-0.31152648
35,36,"Tailspin Toys (Ekron, KY)",1,3,1.0,10193,0,2013-01-01,7,-0.31152648
36,37,"Tailspin Toys (Kerby, OR)",1,3,1.0,17591,0,2013-01-01,7,-0.31152648
37,38,"Tailspin Toys (Airport Drive, MO)",1,3,1.0,232,0,2013-01-01,7,-0.31152648
38,39,"Tailspin Toys (Diablock, KY)",1,3,1.0,9040,0,2013-01-01,7,-0.31152648
39,40,"Tailspin Toys (Impact, TX)",1,3,1.0,16433,0,2013-01-01,7,-0.31152648
40,41,"Tailspin Toys (Olivette, MO)",1,3,1.0,25376,0,2013-01-01,7,-0.31152648
41,42,"Tailspin Toys (Arietta, NY)",1,3,1.0,1132,0,2013-01-01,7,-0.31152648
42,43,"Tailspin Toys (Upper Preston, WA)",1,3,1.0,34910,0,2013-01-01,7,-0.31152648
43,44,"Tailspin Toys (Amanda Park, WA)",1,3,1.0,696,0,2013-01-01,7,-0.31152648
44,45,"Tailspin Toys (Severna Park, MD)",1,3,1.0,31104,0,2013-01-01,7,-0.31152648
45,46,"Tailspin Toys (Jemison, AL)",1,3,1.0,16992,0,2013-01-01,7,-0.31152648
46,47,"Tailspin Toys (Lake Hughes, CA)",1,3,1.0,18375,0,2013-01-01,7,-0.31152648
47,48,"Tailspin Toys (Trentwood, WA)",1,3,1.0,34400,0,2013-01-01,7,-0.31152648
48,49,"Tailspin Toys (Muir, MI)",1,3,1.0,23396,0,2013-01-01,7,-0.31152648
49,50,"Tailspin Toys (Hambleton, WV)",1,3,1.0,14380,0,2013-01-01,7,-0.31152648
50,51,"Tailspin Toys (Imlaystown, NJ)",1,3,1.0,16430,0,2013-01-01,7,-0.31152648
51,52,"Tailspin Toys (Idria, CA)",1,3,1.0,16401,0,2013-01-01,7,-0.31152648
52,53,"Tailspin Toys (Nanafalia, AL)",1,3,1.0,23560,0,2013-01-01,7,-0.31152648
53,54,"Tailspin Toys (Railroad, PA)",1,3,1.0,28222,0,2013-01-01,7,-0.31152648
54,55,"Tailspin Toys (Gum Branch, GA)",1,3,1.0,14194,0,2013-01-01,7,-0.31152648
55,56,"Tailspin Toys (Royal City, WA)",1,3,1.0,29729,0,2013-01-01,7,-0.31152648
56,57,"Tailspin Toys (Lakemore, OH)",1,3,1.0,18514,0,2013-01-01,7,-0.31152648
57,58,"Tailspin Toys (Mappsburg, VA)",1,3,1.0,20868,0,2013-01-01,7,-0.31152648
58,59,"Tailspin Toys (Edgartown, MA)",1,3,1.0,10055,0,2013-01-01,7,-0.31152648
59,60,"Tailspin Toys (East Dailey, WV)",1,3,1.0,9772,0,2013-01-01,7,-0.31152648
60,61,"Tailspin Toys (Fairfield Glade, TN)",1,3,1.0,11131,0,2013-01-01,7,-0.31152648
61,62,"Tailspin Toys (Great Neck Estates, NY)",1,3,1.0,13800,0,2013-01-01,7,-0.31152648
62,63,"Tailspin Toys (Stallion Springs, CA)",1,3,1.0,32561,0,2013-01-01,7,-0.31152648
63,64,"Tailspin Toys (Hodgdon, ME)",1,3,1.0,15646,0,2013-01-01,7,-0.31152648
64,65,"Tailspin Toys (North Cowden, TX)",1,3,1.0,24579,0,2013-01-01,7,-0.31152648
65,66,"Tailspin Toys (Madaket, MA)",1,3,1.0,20475,0,2013-01-01,7,-0.31152648
66,67,"Tailspin Toys (Sentinel Butte, ND)",1,3,1.0,31075,0,2013-01-01,7,-0.31152648
67,68,"Tailspin Toys (Gardere, LA)",1,3,1.0,12653,0,2013-01-01,7,-0.31152648
68,69,"Tailspin Toys (Lytle Creek, CA)",1,3,1.0,20413,0,2013-01-01,7,-0.31152648
69,70,"Tailspin Toys (New Baden, IL)",1,3,1.0,23843,0,2013-01-01,7,-0.31152648
70,71,"Tailspin Toys (Good Hart, MI)",1,3,1.0,13375,0,2013-01-01,7,-0.31152648
71,72,"Tailspin Toys (Cortaro, AZ)",1,3,1.0,7672,0,2013-01-01,7,-0.31152648
72,73,"Tailspin Toys (Cokato, MN)",1,3,1.0,7071,0,2013-01-01,7,-0.31152648
73,74,"Tailspin Toys (Indios, PR)",1,3,1.0,16520,0,2013-01-01,7,-0.31152648
74,75,"Tailspin Toys (Windsor Locks, CT)",1,3,1.0,37473,0,2013-01-01,7,-0.31152648
75,76,"Tailspin Toys (Yewed, OK)",1,3,1.0,38042,0,2013-01-01,7,-0.31152648
76,77,"Tailspin Toys (Hahira, GA)",1,3,1.0,14287,0,2013-01-01,7,-0.31152648
77,78,"Tailspin Toys (Sekiu, WA)",1,3,1.0,31010,0,2013-01-01,7,-0.31152648
78,79,"Tailspin Toys (Page City, KS)",1,3,1.0,25933,0,2013-01-01,7,-0.31152648
79,80,"Tailspin Toys (Valdese, NC)",1,3,1.0,34990,0,2013-01-01,7,-0.31152648
80,81,"Tailspin Toys (Big Moose, NY)",1,3,1.0,2971,0,2013-01-01,7,-0.31152648
81,82,"Tailspin Toys (La Cueva, NM)",1,3,1.0,18087,0,2013-01-01,7,-0.31152648
82,83,"Tailspin Toys (Absecon, NJ)",1,3,1.0,49,0,2013-01-01,7,-0.31152648
83,84,"Tailspin Toys (Aceitunas, PR)",1,3,1.0,58,0,2013-01-01,7,-0.31152648
84,85,"Tailspin Toys (Andrix, CO)",1,3,1.0,843,0,2013-01-01,7,-0.31152648
85,86,"Tailspin Toys (New Lexington, OH)",1,3,1.0,24014,0,2013-01-01,7,-0.31152648
86,87,"Tailspin Toys (Sauquoit, NY)",1,3,1.0,30698,0,2013-01-01,7,-0.31152648
87,88,"Tailspin Toys (Dracut, MA)",1,3,1.0,9379,0,2013-01-01,7,-0.31152648
88,89,"Tailspin Toys (Victory Gardens, NJ)",1,3,1.0,35344,0,2013-01-01,7,-0.31152648
89,90,"Tailspin Toys (Tolna, ND)",1,3,1.0,34192,0,2013-01-01,7,-0.31152648
90,91,"Tailspin Toys (Alstead, NH)",1,3,1.0,600,0,2013-01-01,7,-0.31152648
91,92,"Tailspin Toys (Sans Souci, SC)",1,3,1.0,30548,0,2013-01-01,7,-0.31152648
92,93,"Tailspin Toys (Clewiston, FL)",1,3,1.0,6809,0,2013-01-01,7,-0.31152648
93,94,"Tailspin Toys (Cheyenne Wells, CO)",1,3,1.0,6327,0,2013-01-01,7,-0.31152648
94,95,"Tailspin Toys (Lavon, TX)",1,3,1.0,18882,0,2013-01-01,7,-0.31152648
95,96,"Tailspin Toys (South La Paloma, TX)",1,3,1.0,32124,0,2013-01-01,7,-0.31152648
96,97,"Tailspin Toys (Manchester Center, VT)",1,3,1.0,20710,0,2013-01-01,7,-0.31152648
97,98,"Tailspin Toys (El Centro, CA)",1,3,1.0,10199,0,2013-01-01,7,-0.31152648
98,99,"Tailspin Toys (Guin, AL)",1,3,1.0,14173,0,2013-01-01,7,-0.31152648
99,100,"Tailspin Toys (Tunnelhill, PA)",1,3,1.0,34584,0,2013-01-01,7,-0.31152648
100,101,"Tailspin Toys (Cundiyo, NM)",1,3,1.0,8227,0,2013-01-01,7,-0.31152648
101,102,"Tailspin Toys (Fieldbrook, CA)",1,3,1.0,11520,0,2013-01-01,7,-0.31152648
102,103,"Tailspin Toys (Kalvesta, KS)",1,3,1.0,17306,0,2013-01-01,7,-0.31152648
103,104,"Tailspin Toys (Wallagrass, ME)",1,3,1.0,35712,0,2013-01-01,7,-0.31152648
104,105,"Tailspin Toys (Tomnolen, MS)",1,3,1.0,34208,0,2013-01-01,7,-0.31152648
105,106,"Tailspin Toys (Tumacacori, AZ)",1,3,1.0,34568,0,2013-01-01,7,-0.31152648
106,107,"Tailspin Toys (Glen Avon, CA)",1,3,1.0,13109,0,2013-01-01,7,-0.31152648
107,108,"Tailspin Toys (Bernie, MO)",1,3,1.0,2789,0,2013-01-01,7,-0.31152648
108,109,"Tailspin Toys (South Laguna, CA)",1,3,1.0,32126,0,2013-01-01,7,-0.31152648
109,110,"Tailspin Toys (North Crows Nest, IN)",1,3,1.0,24583,0,2013-01-01,7,-0.31152648
110,111,"Tailspin Toys (Oriole Beach, FL)",1,3,1.0,25595,0,2013-01-01,7,-0.31152648
111,112,"Tailspin Toys (Sallyards, KS)",1,3,1.0,30288,0,2013-01-01,7,-0.31152648
112,113,"Tailspin Toys (Dahlia, NM)",1,3,1.0,8337,0,2013-01-01,7,-0.31152648
113,114,"Tailspin Toys (Cherry Grove Beach, SC)",1,3,1.0,6221,0,2013-01-01,7,-0.31152648
114,115,"Tailspin Toys (Bethania, NC)",1,3,1.0,2838,0,2013-01-01,7,-0.31152648
115,116,"Tailspin Toys (Rafael Capó, PR)",1,3,1.0,28210,0,2013-01-01,7,-0.31152648
116,117,"Tailspin Toys (Scofield, UT)",1,3,1.0,30839,0,2013-01-01,7,-0.31152648
117,118,"Tailspin Toys (Vassalboro, ME)",1,3,1.0,35160,0,2013-01-01,7,-0.31152648
118,119,"Tailspin Toys (Statenville, GA)",1,3,1.0,32688,0,2013-01-01,7,-0.31152648
119,120,"Tailspin Toys (Bratenahl, OH)",1,3,1.0,3893,0,2013-01-01,7,-0.31152648
120,121,"Tailspin Toys (Elrosa, MN)",1,3,1.0,10561,0,2013-01-01,7,-0.31152648
121,122,"Tailspin Toys (McClave, CO)",1,3,1.0,21439,0,2013-01-01,7,-0.31152648
122,123,"Tailspin Toys (Roe Park, NY)",1,3,1.0,29371,0,2013-01-01,7,-0.31152648
123,124,"Tailspin Toys (Hanoverton, OH)",1,3,1.0,14556,0,2013-01-01,7,-0.31152648
124,125,"Tailspin Toys (Annamoriah, WV)",1,3,1.0,890,0,2013-01-01,7,-0.31152648
125,126,"Tailspin Toys (Francis Mills, NJ)",1,3,1.0,12142,0,2013-01-01,7,-0.31152648
126,127,"Tailspin Toys (Point Roberts, WA)",1,3,1.0,27424,0,2013-01-01,7,-0.31152648
127,128,"Tailspin Toys (East Portal, CO)",1,3,1.0,9884,0,2013-01-01,7,-0.31152648
128,129,"Tailspin Toys (Mineral Hills, MI)",1,3,1.0,22430,0,2013-01-01,7,-0.31152648
129,130,"Tailspin Toys (Maple Shade, NJ)",1,3,1.0,20846,0,2013-01-01,7,-0.31152648
130,131,"Tailspin Toys (Kwethluk, AK)",1,3,1.0,18058,0,2013-01-01,7,-0.31152648
131,132,"Tailspin Toys (Minidoka, ID)",1,3,1.0,22453,0,2013-01-01,7,-0.31152648
132,133,"Tailspin Toys (Lake Erie Beach, NY)",1,3,1.0,18346,0,2013-01-01,7,-0.31152648
133,134,"Tailspin Toys (Tavares, FL)",1,3,1.0,33660,0,2013-01-01,7,-0.31152648
134,135,"Tailspin Toys (Terre du Lac, MO)",1,3,1.0,33806,0,2013-01-01,7,-0.31152648
135,136,"Tailspin Toys (Mount Montgomery, NV)",1,3,1.0,23229,0,2013-01-01,7,-0.31152648
136,137,"Tailspin Toys (Carbonville, UT)",1,3,1.0,5304,0,2013-01-01,7,-0.31152648
137,138,"Tailspin Toys (Navassa, NC)",1,3,1.0,23687,0,2013-01-01,7,-0.31152648
138,139,"Tailspin Toys (Hardeeville, SC)",1,3,1.0,14596,0,2013-01-01,7,-0.31152648
139,140,"Tailspin Toys (Furley, KS)",1,3,1.0,12483,0,2013-01-01,7,-0.31152648
140,141,"Tailspin Toys (Arrow Rock, MO)",1,3,1.0,1244,0,2013-01-01,7,-0.31152648
141,142,"Tailspin Toys (King Cove, AK)",1,3,1.0,17742,0,2013-01-01,7,-0.31152648
142,143,"Tailspin Toys (Ashtabula, OH)",1,3,1.0,1343,0,2013-01-01,7,-0.31152648
143,144,"Tailspin Toys (Larose, LA)",1,3,1.0,18772,0,2013-01-01,7,-0.31152648
144,145,"Tailspin Toys (Manahawkin, NJ)",1,3,1.0,20672,0,2013-01-01,7,-0.31152648
145,146,"Tailspin Toys (Belgreen, AL)",1,3,1.0,2425,0,2013-01-01,7,-0.31152648
146,147,"Tailspin Toys (Fishtail, MT)",1,3,1.0,11597,0,2013-01-01,7,-0.31152648
147,148,"Tailspin Toys (Baraboo, WI)",1,3,1.0,1904,0,2013-01-01,7,-0.31152648
148,149,"Tailspin Toys (Inguadona, MN)",1,3,1.0,16557,0,2013-01-01,7,-0.31152648
149,150,"Tailspin Toys (Corfu, NY)",1,3,1.0,7594,0,2013-01-01,7,-0.31152648
150,151,"Tailspin Toys (Antares, AZ)",1,3,1.0,928,0,2013-01-01,7,-0.31152648
151,152,"Tailspin Toys (Sun River, MT)",1,3,1.0,33227,0,2013-01-01,7,-0.31152648
152,153,"Tailspin Toys (Marcell, MN)",1,3,1.0,20901,0,2013-01-01,7,-0.31152648
153,154,"Tailspin Toys (Eden Valley, MN)",1,3,1.0,10043,0,2013-01-01,7,-0.31152648
154,155,"Tailspin Toys (Arbor Vitae, WI)",1,3,1.0,1040,0,2013-01-01,7,-0.31152648
155,156,"Tailspin Toys (Hollywood Park, TX)",1,3,1.0,15783,0,2013-01-01,7,-0.31152648
156,157,"Tailspin Toys (Saks, AL)",1,3,1.0,30216,0,2013-01-01,7,-0.31152648
157,158,"Tailspin Toys (Donner, LA)",1,3,1.0,9237,0,2013-01-01,7,-0.31152648
158,159,"Tailspin Toys (Saint Louis Park, MN)",1,3,1.0,30132,0,2013-01-01,7,-0.31152648
159,160,"Tailspin Toys (Crary, ND)",1,3,1.0,7914,0,2013-01-01,7,-0.31152648
160,161,"Tailspin Toys (Aspen Park, CO)",1,3,1.0,1366,0,2013-01-01,7,-0.31152648
161,162,"Tailspin Toys (Glen Park, NY)",1,3,1.0,13136,0,2013-01-01,7,-0.31152648
162,163,"Tailspin Toys (Panaca, NV)",1,3,1.0,26076,0,2013-01-01,7,-0.31152648
163,164,"Tailspin Toys (Rothsville, PA)",1,3,1.0,29651,0,2013-01-01,7,-0.31152648
164,165,"Tailspin Toys (Topstone, CT)",1,3,1.0,34256,0,2013-01-01,7,-0.31152648
165,166,"Tailspin Toys (McCamey, TX)",1,3,1.0,21431,0,2013-01-01,7,-0.31152648
166,167,"Tailspin Toys (Rockwall, TX)",1,3,1.0,29320,0,2013-01-01,7,-0.31152648
167,168,"Tailspin Toys (Seagraves, TX)",1,3,1.0,30926,0,2013-01-01,7,-0.31152648
168,169,"Tailspin Toys (Sinclair, WY)",1,3,1.0,31685,0,2013-01-01,7,-0.31152648
169,170,"Tailspin Toys (Eastchester, NY)",1,3,1.0,9932,0,2013-01-01,7,-0.31152648
170,171,"Tailspin Toys (Ortley Beach, NJ)",1,3,1.0,25653,0,2013-01-01,7,-0.31152648
171,172,"Tailspin Toys (Madrone, NM)",1,3,1.0,20535,0,2013-01-01,7,-0.31152648
172,173,"Tailspin Toys (Wappingers Falls, NY)",1,3,1.0,35833,0,2013-01-01,7,-0.31152648
173,174,"Tailspin Toys (Astor Park, FL)",1,3,1.0,1380,0,2013-01-01,7,-0.31152648
174,175,"Tailspin Toys (San Acacia, NM)",1,3,1.0,30342,0,2013-01-01,7,-0.31152648
175,176,"Tailspin Toys (Malott, WA)",1,3,1.0,20642,0,2013-01-01,7,-0.31152648
176,177,"Tailspin Toys (Orrtanna, PA)",1,3,1.0,25646,0,2013-01-01,7,-0.31152648
177,178,"Tailspin Toys (Armstrong Creek, WI)",1,3,1.0,1207,0,2013-01-01,7,-0.31152648
178,179,"Tailspin Toys (Hiteman, IA)",1,3,1.0,15610,0,2013-01-01,7,-0.31152648
179,180,"Tailspin Toys (Caselton, NV)",1,3,1.0,5540,0,2013-01-01,7,-0.31152648
180,181,"Tailspin Toys (Heilwood, PA)",1,3,1.0,15118,0,2013-01-01,7,-0.31152648
181,182,"Tailspin Toys (Hayes Center, NE)",1,3,1.0,14977,0,2013-01-01,7,-0.31152648
182,183,"Tailspin Toys (Tierra Verde, FL)",1,3,1.0,34028,0,2013-01-01,7,-0.31152648
183,184,"Tailspin Toys (South Euclid, OH)",1,3,1.0,32083,0,2013-01-01,7,-0.31152648
184,185,"Tailspin Toys (Vidrine, LA)",1,3,1.0,35355,0,2013-01-01,7,-0.31152648
185,186,"Tailspin Toys (Placer, OR)",1,3,1.0,27166,0,2013-01-01,7,-0.31152648
186,187,"Tailspin Toys (Brown City, MI)",1,3,1.0,4291,0,2013-01-01,7,-0.31152648
187,188,"Tailspin Toys (Premont, TX)",1,3,1.0,27840,0,2013-01-01,7,-0.31152648
188,189,"Tailspin Toys (Wilkes-Barre, PA)",1,3,1.0,37194,0,2013-01-01,7,-0.31152648
189,190,"Tailspin Toys (Teutopolis, IL)",1,3,1.0,33832,0,2013-01-01,7,-0.31152648
190,191,"Tailspin Toys (Orchard Hill, GA)",1,3,1.0,25552,0,2013-01-01,7,-0.31152648
191,192,"Tailspin Toys (Optimo, NM)",1,3,1.0,25505,0,2013-01-01,7,-0.31152648
192,193,"Tailspin Toys (Knifley, KY)",1,3,1.0,17931,0,2013-01-01,7,-0.31152648
193,194,"Tailspin Toys (Naples Park, FL)",1,3,1.0,23592,0,2013-01-01,7,-0.31152648
194,195,"Tailspin Toys (Lesslie, SC)",1,3,1.0,19232,0,2013-01-01,7,-0.31152648
195,196,"Tailspin Toys (Howells, NE)",1,3,1.0,16090,0,2013-01-01,7,-0.31152648
196,197,"Tailspin Toys (Magalia, CA)",1,3,1.0,20538,0,2013-01-01,7,-0.31152648
197,198,"Tailspin Toys (Buell, MO)",1,3,1.0,4491,0,2013-01-01,7,-0.31152648
198,199,"Tailspin Toys (Antonito, CO)",1,3,1.0,962,0,2013-01-01,7,-0.31152648
199,200,"Tailspin Toys (Tooele, UT)",1,3,1.0,34230,0,2013-01-01,7,-0.31152648
200,201,"Tailspin Toys (Skyway, WA)",1,3,1.0,31752,0,2013-01-01,7,-0.31152648
201,401,Wingtip Toys (Head Office),401,3,2.0,25555,0,2013-01-01,7,-0.31152648
202,402,"Wingtip Toys (Black Lick, PA)",401,3,2.0,3127,0,2013-01-01,7,-0.31152648
203,403,"Wingtip Toys (Queen Valley, AZ)",401,3,2.0,28129,0,2013-01-01,7,-0.31152648
204,404,"Wingtip Toys (Penns Creek, PA)",401,3,2.0,26579,0,2013-01-01,7,-0.31152648
205,405,"Wingtip Toys (Bourbonnais, IL)",401,3,2.0,3659,0,2013-01-01,7,-0.31152648
206,406,"Wingtip Toys (Tuscaloosa, AL)",401,3,2.0,34633,0,2013-01-01,7,-0.31152648
207,407,"Wingtip Toys (Mooringsport, LA)",401,3,2.0,22903,0,2013-01-01,7,-0.31152648
208,408,"Wingtip Toys (Rockwall, TX)",401,3,2.0,29320,0,2013-01-01,7,-0.31152648
209,409,"Wingtip Toys (Orick, CA)",401,3,2.0,25581,0,2013-01-01,7,-0.31152648
210,410,"Wingtip Toys (Bernstein, TX)",401,3,2.0,2791,0,2013-01-01,7,-0.31152648
211,411,"Wingtip Toys (Edmund, WI)",401,3,2.0,10134,0,2013-01-01,7,-0.31152648
212,412,"Wingtip Toys (Bozeman Hot Springs, MT)",401,3,2.0,3762,0,2013-01-01,7,-0.31152648
213,413,"Wingtip Toys (Truscott, TX)",401,3,2.0,34519,0,2013-01-01,7,-0.31152648
214,414,"Wingtip Toys (Rose Tree, PA)",401,3,2.0,29530,0,2013-01-01,7,-0.31152648
215,415,"Wingtip Toys (Leathersville, GA)",401,3,2.0,18983,0,2013-01-01,7,-0.31152648
216,416,"Wingtip Toys (Necedah, WI)",401,3,2.0,23707,0,2013-01-01,7,-0.31152648
217,417,"Wingtip Toys (Chetek, WI)",401,3,2.0,6313,0,2013-01-01,7,-0.31152648
218,418,"Wingtip Toys (Yaak, MT)",401,3,2.0,37969,0,2013-01-01,7,-0.31152648
219,419,"Wingtip Toys (Compass Lake, FL)",401,3,2.0,7343,0,2013-01-01,7,-0.31152648
220,420,"Wingtip Toys (Herlong, CA)",401,3,2.0,15248,0,2013-01-01,7,-0.31152648
221,421,"Wingtip Toys (Highland Home, AL)",401,3,2.0,15434,0,2013-01-01,7,-0.31152648
222,422,"Wingtip Toys (Naches, WA)",401,3,2.0,23542,0,2013-01-01,7,-0.31152648
223,423,"Wingtip Toys (Baldwin City, KS)",401,3,2.0,1811,0,2013-01-01,7,-0.31152648
224,424,"Wingtip Toys (Heartwell, NE)",401,3,2.0,15057,0,2013-01-01,7,-0.31152648
225,425,"Wingtip Toys (Bethel Acres, OK)",401,3,2.0,2862,0,2013-01-01,7,-0.31152648
226,426,"Wingtip Toys (Willow Valley, AZ)",401,3,2.0,37316,0,2013-01-01,7,-0.31152648
227,427,"Wingtip Toys (Athol Springs, NY)",401,3,2.0,1417,0,2013-01-01,7,-0.31152648
228,428,"Wingtip Toys (Paw Paw Lake, MI)",401,3,2.0,26376,0,2013-01-01,7,-0.31152648
229,429,"Wingtip Toys (Lilbourn, MO)",401,3,2.0,19405,0,2013-01-01,7,-0.31152648
230,430,"Wingtip Toys (Lost River, ID)",401,3,2.0,20043,0,2013-01-01,7,-0.31152648
231,431,"Wingtip Toys (Rosa Sánchez, PR)",401,3,2.0,29490,0,2013-01-01,7,-0.31152648
232,432,"Wingtip Toys (Vamo, FL)",401,3,2.0,35078,0,2013-01-01,7,-0.31152648
233,433,"Wingtip Toys (Balko, OK)",401,3,2.0,1820,0,2013-01-01,7,-0.31152648
234,434,"Wingtip Toys (Lime Lake, NY)",401,3,2.0,19434,0,2013-01-01,7,-0.31152648
235,435,"Wingtip Toys (Teutopolis, IL)",401,3,2.0,33832,0,2013-01-01,7,-0.31152648
236,436,"Wingtip Toys (Gargatha, VA)",401,3,2.0,12680,0,2013-01-01,7,-0.31152648
237,437,"Wingtip Toys (Cadogan, PA)",401,3,2.0,4860,0,2013-01-01,7,-0.31152648
238,438,"Wingtip Toys (Lucasville, OH)",401,3,2.0,20189,0,2013-01-01,7,-0.31152648
239,439,"Wingtip Toys (Cylon, WI)",401,3,2.0,8306,0,2013-01-01,7,-0.31152648
240,440,"Wingtip Toys (Asher, OK)",401,3,2.0,1299,0,2013-01-01,7,-0.31152648
241,441,"Wingtip Toys (Keosauqua, IA)",401,3,2.0,17587,0,2013-01-01,7,-0.31152648
242,442,"Wingtip Toys (Homer City, PA)",401,3,2.0,15835,0,2013-01-01,7,-0.31152648
243,443,"Wingtip Toys (Berville, MI)",401,3,2.0,2815,0,2013-01-01,7,-0.31152648
244,444,"Wingtip Toys (Tea, SD)",401,3,2.0,33701,0,2013-01-01,7,-0.31152648
245,445,"Wingtip Toys (Dacono, CO)",401,3,2.0,8322,0,2013-01-01,7,-0.31152648
246,446,"Wingtip Toys (Saint Landry, LA)",401,3,2.0,30119,0,2013-01-01,7,-0.31152648
247,447,"Wingtip Toys (Coin, IA)",401,3,2.0,7069,0,2013-01-01,7,-0.31152648
248,448,"Wingtip Toys (Salt Wells, NV)",401,3,2.0,30304,0,2013-01-01,7,-0.31152648
249,449,"Wingtip Toys (Delray, WV)",401,3,2.0,8839,0,2013-01-01,7,-0.31152648
250,450,"Wingtip Toys (Mount Summit, IN)",401,3,2.0,23284,0,2013-01-01,7,-0.31152648
251,451,"Wingtip Toys (Smoot, WY)",401,3,2.0,31870,0,2013-01-01,7,-0.31152648
252,452,"Wingtip Toys (Lake Davis, CA)",401,3,2.0,18340,0,2013-01-01,7,-0.31152648
253,453,"Wingtip Toys (Stanardsville, VA)",401,3,2.0,32575,0,2013-01-01,7,-0.31152648
254,454,"Wingtip Toys (Corcovado, PR)",401,3,2.0,7576,0,2013-01-01,7,-0.31152648
255,455,"Wingtip Toys (Taft Heights, CA)",401,3,2.0,33520,0,2013-01-01,7,-0.31152648
256,456,"Wingtip Toys (West Hempstead, NY)",401,3,2.0,36531,0,2013-01-01,7,-0.31152648
257,457,"Wingtip Toys (Portales, NM)",401,3,2.0,27648,0,2013-01-01,7,-0.31152648
258,458,"Wingtip Toys (Coker, AL)",401,3,2.0,7074,0,2013-01-01,7,-0.31152648
259,459,"Wingtip Toys (Haydenville, OH)",401,3,2.0,14974,0,2013-01-01,7,-0.31152648
260,460,"Wingtip Toys (Mayhill, NM)",401,3,2.0,21351,0,2013-01-01,7,-0.31152648
261,461,"Wingtip Toys (Vair, TX)",401,3,2.0,34984,0,2013-01-01,7,-0.31152648
262,462,"Wingtip Toys (Crossroads, NM)",401,3,2.0,8082,0,2013-01-01,7,-0.31152648
263,463,"Wingtip Toys (Cowlington, OK)",401,3,2.0,7847,0,2013-01-01,7,-0.31152648
264,464,"Wingtip Toys (Glen Ullin, ND)",401,3,2.0,13146,0,2013-01-01,7,-0.31152648
265,465,"Wingtip Toys (Oologah, OK)",401,3,2.0,25479,0,2013-01-01,7,-0.31152648
266,466,"Wingtip Toys (Lytle, TX)",401,3,2.0,20412,0,2013-01-01,7,-0.31152648
267,467,"Wingtip Toys (Mahaffey, PA)",401,3,2.0,20575,0,2013-01-01,7,-0.31152648
268,468,"Wingtip Toys (Sunburg, MN)",401,3,2.0,33237,0,2013-01-01,7,-0.31152648
269,469,"Wingtip Toys (Johnetta, KY)",401,3,2.0,17093,0,2013-01-01,7,-0.31152648
270,470,"Wingtip Toys (Universal City, TX)",401,3,2.0,34875,0,2013-01-01,7,-0.31152648
271,471,"Wingtip Toys (Ridgemark, CA)",401,3,2.0,28907,0,2013-01-01,7,-0.31152648
272,472,"Wingtip Toys (San Jacinto, CA)",401,3,2.0,30387,0,2013-01-01,7,-0.31152648
273,473,"Wingtip Toys (Floriston, CA)",401,3,2.0,11747,0,2013-01-01,7,-0.31152648
274,474,"Wingtip Toys (Bokeelia, FL)",401,3,2.0,3463,0,2013-01-01,7,-0.31152648
275,475,"Wingtip Toys (Cale, AR)",401,3,2.0,4900,0,2013-01-01,7,-0.31152648
276,476,"Wingtip Toys (Karthaus, PA)",401,3,2.0,17353,0,2013-01-01,7,-0.31152648
277,477,"Wingtip Toys (Glancy, MS)",401,3,2.0,13068,0,2013-01-01,7,-0.31152648
278,478,"Wingtip Toys (Stoneboro, PA)",401,3,2.0,32885,0,2013-01-01,7,-0.31152648
279,479,"Wingtip Toys (Mier, IN)",401,3,2.0,22146,0,2013-01-01,7,-0.31152648
280,480,"Wingtip Toys (Wapinitia, OR)",401,3,2.0,35830,0,2013-01-01,7,-0.31152648
281,481,"Wingtip Toys (White Church, MO)",401,3,2.0,36946,0,2013-01-01,7,-0.31152648
282,482,"Wingtip Toys (Caton, NY)",401,3,2.0,5664,0,2013-01-01,7,-0.31152648
283,483,"Wingtip Toys (Plum Branch, SC)",401,3,2.0,27344,0,2013-01-01,7,-0.31152648
284,484,"Wingtip Toys (Mauldin, SC)",401,3,2.0,21282,0,2013-01-01,7,-0.31152648
285,485,"Wingtip Toys (Bonner Springs, KS)",401,3,2.0,3545,0,2013-01-01,7,-0.31152648
286,486,"Wingtip Toys (Lowellville, OH)",401,3,2.0,20131,0,2013-01-01,7,-0.31152648
287,487,"Wingtip Toys (Elverson, PA)",401,3,2.0,10581,0,2013-01-01,7,-0.31152648
288,488,"Wingtip Toys (Isabela, PR)",401,3,2.0,16702,0,2013-01-01,7,-0.31152648
289,489,"Wingtip Toys (Sayner, WI)",401,3,2.0,30751,0,2013-01-01,7,-0.31152648
290,490,"Wingtip Toys (Beals, ME)",401,3,2.0,2230,0,2013-01-01,7,-0.31152648
291,491,"Wingtip Toys (Morton Grove, IL)",401,3,2.0,23067,0,2013-01-01,7,-0.31152648
292,492,"Wingtip Toys (Birds, IL)",401,3,2.0,3059,0,2013-01-01,7,-0.31152648
293,493,"Wingtip Toys (Federalsburg, MD)",401,3,2.0,11427,0,2013-01-01,7,-0.31152648
294,494,"Wingtip Toys (Pikeview, CO)",401,3,2.0,26906,0,2013-01-01,7,-0.31152648
295,495,"Wingtip Toys (Boalsburg, PA)",401,3,2.0,3409,0,2013-01-01,7,-0.31152648
296,496,"Wingtip Toys (Port Hueneme, CA)",401,3,2.0,27577,0,2013-01-01,7,-0.31152648
297,497,"Wingtip Toys (Verdery, SC)",401,3,2.0,35223,0,2013-01-01,7,-0.31152648
298,498,"Wingtip Toys (Obetz, OH)",401,3,2.0,25121,0,2013-01-01,7,-0.31152648
299,499,"Wingtip Toys (East Fultonham, OH)",401,3,2.0,9791,0,2013-01-01,7,-0.31152648
300,500,"Wingtip Toys (Obion, TN)",401,3,2.0,25122,0,2013-01-01,7,-0.31152648
301,501,"Wingtip Toys (Cavendish, VT)",401,3,2.0,5687,0,2013-01-01,7,-0.31152648
302,502,"Wingtip Toys (Miesville, MN)",401,3,2.0,22147,0,2013-01-01,7,-0.31152648
303,503,"Wingtip Toys (Valhalla, NC)",401,3,2.0,35008,0,2013-01-01,7,-0.31152648
304,504,"Wingtip Toys (Cape Neddick, ME)",401,3,2.0,5259,0,2013-01-01,7,-0.31152648
305,505,"Wingtip Toys (Silver Plume, CO)",401,3,2.0,31629,0,2013-01-01,7,-0.31152648
306,506,"Wingtip Toys (North Beach Haven, NJ)",401,3,2.0,24530,0,2013-01-01,7,-0.31152648
307,507,"Wingtip Toys (Downingtown, PA)",401,3,2.0,9360,0,2013-01-01,7,-0.31152648
308,508,"Wingtip Toys (Branson West, MO)",401,3,2.0,3876,0,2013-01-01,7,-0.31152648
309,509,"Wingtip Toys (Bergen Park, CO)",401,3,2.0,2739,0,2013-01-01,7,-0.31152648
310,510,"Wingtip Toys (Grabill, IN)",401,3,2.0,13507,0,2013-01-01,7,-0.31152648
311,511,"Wingtip Toys (North Manitou, MI)",401,3,2.0,24658,0,2013-01-01,7,-0.31152648
312,512,"Wingtip Toys (Philip, SD)",401,3,2.0,26788,0,2013-01-01,7,-0.31152648
313,513,"Wingtip Toys (Straughn, IN)",401,3,2.0,32993,0,2013-01-01,7,-0.31152648
314,514,"Wingtip Toys (Gilford, NH)",401,3,2.0,12992,0,2013-01-01,7,-0.31152648
315,515,"Wingtip Toys (Del Valle, TX)",401,3,2.0,8772,0,2013-01-01,7,-0.31152648
316,516,"Wingtip Toys (Harkers Island, NC)",401,3,2.0,14628,0,2013-01-01,7,-0.31152648
317,517,"Wingtip Toys (Licking, MO)",401,3,2.0,19386,0,2013-01-01,7,-0.31152648
318,518,"Wingtip Toys (Raton, NM)",401,3,2.0,28361,0,2013-01-01,7,-0.31152648
319,519,"Wingtip Toys (Boynton, OK)",401,3,2.0,3755,0,2013-01-01,7,-0.31152648
320,520,"Wingtip Toys (Frenchburg, KY)",401,3,2.0,12341,0,2013-01-01,7,-0.31152648
321,521,"Wingtip Toys (Robertsdale, AL)",401,3,2.0,29166,0,2013-01-01,7,-0.31152648
322,522,"Wingtip Toys (Dickerson, MD)",401,3,2.0,9064,0,2013-01-01,7,-0.31152648
323,523,"Wingtip Toys (Bruceton Mills, WV)",401,3,2.0,4352,0,2013-01-01,7,-0.31152648
324,524,"Wingtip Toys (Cloquet, MN)",401,3,2.0,6904,0,2013-01-01,7,-0.31152648
325,525,"Wingtip Toys (Claycomo, MO)",401,3,2.0,6687,0,2013-01-01,7,-0.31152648
326,526,"Wingtip Toys (Beekmantown, NY)",401,3,2.0,2379,0,2013-01-01,7,-0.31152648
327,527,"Wingtip Toys (Islip Terrace, NY)",401,3,2.0,16741,0,2013-01-01,7,-0.31152648
328,528,"Wingtip Toys (Rich Creek, VA)",401,3,2.0,28780,0,2013-01-01,7,-0.31152648
329,529,"Wingtip Toys (Griswoldville, GA)",401,3,2.0,14072,0,2013-01-01,7,-0.31152648
330,530,"Wingtip Toys (East Mountain, TX)",401,3,2.0,9857,0,2013-01-01,7,-0.31152648
331,531,"Wingtip Toys (Omer, MI)",401,3,2.0,25424,0,2013-01-01,7,-0.31152648
332,532,"Wingtip Toys (Waycross, GA)",401,3,2.0,36179,0,2013-01-01,7,-0.31152648
333,533,"Wingtip Toys (Nichols Hills, OK)",401,3,2.0,24349,0,2013-01-01,7,-0.31152648
334,534,"Wingtip Toys (Plaquemine, LA)",401,3,2.0,27232,0,2013-01-01,7,-0.31152648
335,535,"Wingtip Toys (Triadelphia, WV)",401,3,2.0,34411,0,2013-01-01,7,-0.31152648
336,536,"Wingtip Toys (Ferney, SD)",401,3,2.0,11491,0,2013-01-01,7,-0.31152648
337,537,"Wingtip Toys (Akhiok, AK)",401,3,2.0,242,0,2013-01-01,7,-0.31152648
338,538,"Wingtip Toys (Deeson, MS)",401,3,2.0,8751,0,2013-01-01,7,-0.31152648
339,539,"Wingtip Toys (Nuangola, PA)",401,3,2.0,24898,0,2013-01-01,7,-0.31152648
340,540,"Wingtip Toys (Weld, ME)",401,3,2.0,36322,0,2013-01-01,7,-0.31152648
341,541,"Wingtip Toys (Mickleton, NJ)",401,3,2.0,22020,0,2013-01-01,7,-0.31152648
342,542,"Wingtip Toys (Schererville, IN)",401,3,2.0,30790,0,2013-01-01,7,-0.31152648
343,543,"Wingtip Toys (Lexington Heights, MI)",401,3,2.0,19338,0,2013-01-01,7,-0.31152648
344,544,"Wingtip Toys (Broomtown, AL)",401,3,2.0,4278,0,2013-01-01,7,-0.31152648
345,545,"Wingtip Toys (Jamison, IA)",401,3,2.0,16891,0,2013-01-01,7,-0.31152648
346,546,"Wingtip Toys (Key Biscayne, FL)",401,3,2.0,17632,0,2013-01-01,7,-0.31152648
347,547,"Wingtip Toys (Chaseley, ND)",401,3,2.0,6115,0,2013-01-01,7,-0.31152648
348,548,"Wingtip Toys (Indian Creek, IL)",401,3,2.0,16469,0,2013-01-01,7,-0.31152648
349,549,"Wingtip Toys (Lake Ronkonkoma, NY)",401,3,2.0,18446,0,2013-01-01,7,-0.31152648
350,550,"Wingtip Toys (Morrison Bluff, AR)",401,3,2.0,23026,0,2013-01-01,7,-0.31152648
351,551,"Wingtip Toys (Huntingburg, IN)",401,3,2.0,16239,0,2013-01-01,7,-0.31152648
352,552,"Wingtip Toys (Shay, PA)",401,3,2.0,31266,0,2013-01-01,7,-0.31152648
353,553,"Wingtip Toys (Helotes, TX)",401,3,2.0,15143,0,2013-01-01,7,-0.31152648
354,554,"Wingtip Toys (Hollandsburg, IN)",401,3,2.0,15726,0,2013-01-01,7,-0.31152648
355,555,"Wingtip Toys (Liberty Grove, MD)",401,3,2.0,19368,0,2013-01-01,7,-0.31152648
356,556,"Wingtip Toys (Morita, TX)",401,3,2.0,22984,0,2013-01-01,7,-0.31152648
357,557,"Wingtip Toys (New Laguna, NM)",401,3,2.0,24007,0,2013-01-01,7,-0.31152648
358,558,"Wingtip Toys (Bourneville, OH)",401,3,2.0,3663,0,2013-01-01,7,-0.31152648
359,559,"Wingtip Toys (Mendoza, TX)",401,3,2.0,21821,0,2013-01-01,7,-0.31152648
360,560,"Wingtip Toys (Palmas del Mar, PR)",401,3,2.0,26010,0,2013-01-01,7,-0.31152648
361,561,"Wingtip Toys (Marion Junction, AL)",401,3,2.0,21002,0,2013-01-01,7,-0.31152648
362,562,"Wingtip Toys (Ware Shoals, SC)",401,3,2.0,35861,0,2013-01-01,7,-0.31152648
363,563,"Wingtip Toys (Lostine, OR)",401,3,2.0,20047,0,2013-01-01,7,-0.31152648
364,564,"Wingtip Toys (Tilleda, WI)",401,3,2.0,34060,0,2013-01-01,7,-0.31152648
365,565,"Wingtip Toys (Wapiti, WY)",401,3,2.0,35831,0,2013-01-01,7,-0.31152648
366,566,"Wingtip Toys (Amado, AZ)",401,3,2.0,689,0,2013-01-01,7,-0.31152648
367,567,"Wingtip Toys (Jeromesville, OH)",401,3,2.0,17039,0,2013-01-01,7,-0.31152648
368,568,"Wingtip Toys (Ovilla, TX)",401,3,2.0,25818,0,2013-01-01,7,-0.31152648
369,569,"Wingtip Toys (West Frostproof, FL)",401,3,2.0,36513,0,2013-01-01,7,-0.31152648
370,570,"Wingtip Toys (Flomaton, AL)",401,3,2.0,11686,0,2013-01-01,7,-0.31152648
371,571,"Wingtip Toys (Pawlet, VT)",401,3,2.0,26379,0,2013-01-01,7,-0.31152648
372,572,"Wingtip Toys (Trout Run, PA)",401,3,2.0,34466,0,2013-01-01,7,-0.31152648
373,573,"Wingtip Toys (Marin City, CA)",401,3,2.0,20961,0,2013-01-01,7,-0.31152648
374,574,"Wingtip Toys (Molalla, OR)",401,3,2.0,22604,0,2013-01-01,7,-0.31152648
375,575,"Wingtip Toys (Trumansburg, NY)",401,3,2.0,34512,0,2013-01-01,7,-0.31152648
376,576,"Wingtip Toys (Goodings Grove, IL)",401,3,2.0,13388,0,2013-01-01,7,-0.31152648
377,577,"Wingtip Toys (Cherryplain, NY)",401,3,2.0,6238,0,2013-01-01,7,-0.31152648
378,578,"Wingtip Toys (Bell Acres, PA)",401,3,2.0,2436,0,2013-01-01,7,-0.31152648
379,579,"Wingtip Toys (Connoquenessing, PA)",401,3,2.0,7432,0,2013-01-01,7,-0.31152648
380,580,"Wingtip Toys (Sarversville, PA)",401,3,2.0,30663,0,2013-01-01,7,-0.31152648
381,581,"Wingtip Toys (Munich, ND)",401,3,2.0,23441,0,2013-01-01,7,-0.31152648
382,582,"Wingtip Toys (Montoya, NM)",401,3,2.0,22814,0,2013-01-01,7,-0.31152648
383,583,"Wingtip Toys (Knights Landing, CA)",401,3,2.0,17935,0,2013-01-01,7,-0.31152648
384,584,"Wingtip Toys (Cache, OK)",401,3,2.0,4840,0,2013-01-01,7,-0.31152648
385,585,"Wingtip Toys (Towaco, NJ)",401,3,2.0,34285,0,2013-01-01,7,-0.31152648
386,586,"Wingtip Toys (Lynne, FL)",401,3,2.0,20376,0,2013-01-01,7,-0.31152648
387,587,"Wingtip Toys (Plata, TX)",401,3,2.0,27236,0,2013-01-01,7,-0.31152648
388,588,"Wingtip Toys (Oak Point, TX)",401,3,2.0,24988,0,2013-01-01,7,-0.31152648
389,589,"Wingtip Toys (Alcester, SD)",401,3,2.0,357,0,2013-01-01,7,-0.31152648
390,590,"Wingtip Toys (McAdenville, NC)",401,3,2.0,21405,0,2013-01-01,7,-0.31152648
391,591,"Wingtip Toys (Idaho City, ID)",401,3,2.0,16382,0,2013-01-01,7,-0.31152648
392,592,"Wingtip Toys (Dunkerton, IA)",401,3,2.0,9549,0,2013-01-01,7,-0.31152648
393,593,"Wingtip Toys (Cuyamungue, NM)",401,3,2.0,8296,0,2013-01-01,7,-0.31152648
394,594,"Wingtip Toys (Marfa, TX)",401,3,2.0,20924,0,2013-01-01,7,-0.31152648
395,595,"Wingtip Toys (Accomac, VA)",401,3,2.0,54,0,2013-01-01,7,-0.31152648
396,596,"Wingtip Toys (Cos Cob, CT)",401,3,2.0,7695,0,2013-01-01,7,-0.31152648
397,597,"Wingtip Toys (Haycock, AK)",401,3,2.0,14965,0,2013-01-01,7,-0.31152648
398,598,"Wingtip Toys (Kapa'a, HI)",401,3,2.0,17340,0,2013-01-01,7,-0.31152648
399,599,"Wingtip Toys (Dickworsham, TX)",401,3,2.0,9077,0,2013-01-01,7,-0.31152648
400,600,"Wingtip Toys (Caro, MI)",401,3,2.0,5407,0,2013-01-01,7,-0.31152648
401,601,"Wingtip Toys (Ruthsburg, MD)",401,3,2.0,29887,0,2013-01-01,7,-0.31152648
402,801,Eric Torres,801,7,,31321,3000,2013-01-01,7,0.5380912
403,802,Cosmina Vlad,802,7,,5192,2940,2013-01-01,7,0.52109885
404,803,Bala Dixit,803,3,,33799,2000,2013-01-01,7,0.25488532
405,804,Aleksandrs Riekstins,804,5,,18069,2200,2013-01-01,7,0.31152648
406,805,Ratan Poddar,805,3,,10194,3300,2013-01-01,7,0.62305295
407,806,Shi Tu,806,3,,31685,3000,2013-01-01,7,0.5380912
408,807,Gunnar Lohmus,807,6,,35810,3100,2013-01-01,7,0.5664118
409,808,Jackson Kolios,808,5,,28221,1800,2013-01-01,7,0.19824412
410,809,Madhu Dwivedi,809,5,,26105,1700,2013-01-01,7,0.16992353
411,810,Alena Kellnerova,810,7,,31006,1200,2013-01-01,7,0.028320588
412,811,Surendra Sahu,811,3,,25332,2100,2013-01-01,7,0.2832059
413,812,Celica Barajas,812,4,,9386,2200,2013-01-01,7,0.31152648
414,813,Shyam Poddar,813,7,,33793,2600,2013-01-01,7,0.42480883
415,814,Johanna Hoornstra,814,3,,26752,2310,2013-01-01,7,0.3426791
416,815,Libuse Valentova,815,3,,10388,2900,2013-01-01,7,0.50977063
417,816,Harsha Huq,816,6,,8892,2400,2013-01-01,7,0.36816767
418,817,Agrita Kanepa,817,4,,3840,2100,2013-01-01,7,0.2832059
419,818,Liia Orav,818,3,,3176,1155,2013-01-01,7,0.015576324
420,819,Santiago Vera,819,5,,24401,1800,2013-01-01,7,0.19824412
421,820,Knut Svensson,820,5,,20518,3500,2013-01-01,7,0.6796941
422,821,Kwanjai Saowaluk,821,4,,5633,2400,2013-01-01,7,0.36816767
423,822,Suparna Bhattacharya,822,4,,34031,1500,2013-01-01,7,0.11328235
424,823,Francisca Laureano,823,6,,17142,3500,2013-01-01,7,0.6796941
425,824,Risto Valbe,824,4,,2203,3200,2013-01-01,7,0.59473234
426,825,Jayanta Thakur,825,6,,28367,3000,2013-01-01,7,0.5380912
427,826,Leila Carvalho,826,3,,32358,3200,2013-01-01,7,0.59473234
428,827,Crina Grasu,827,5,,33591,2500,2013-01-01,7,0.39648825
429,828,Sercan Celik,828,6,,34193,1785,2013-01-01,7,0.19399604
430,829,Jack Walker,829,4,,10263,3500,2013-01-01,7,0.6796941
431,830,Jana Fialova,830,3,,36297,2000,2013-01-01,7,0.25488532
432,831,Bhaavan Rai,831,7,,5966,3885,2013-01-01,7,0.7887284
433,832,Aakriti Byrraju,832,4,,13242,3500,2013-01-01,7,0.6796941
434,833,Devraj Rao,833,3,,36841,3300,2013-01-01,7,0.62305295
435,834,Cong Hoa,834,6,,25971,1500,2013-01-01,7,0.11328235
436,835,Dominic Davignon,835,4,,34685,3150,2013-01-01,7,0.58057207
437,836,Abel Spirlea,836,3,,21022,1600,2013-01-01,7,0.14160295
438,837,Anil Sarkar,837,4,,12666,1400,2013-01-01,7,0.084961765
439,838,Pavel Bogdanov,838,7,,23870,1890,2013-01-01,7,0.22373265
440,839,Juan Morse,839,3,,13868,4200,2013-01-01,7,0.8779383
441,840,Rodrigo Figueiredo,840,3,,3165,2000,2013-01-01,7,0.25488532
442,841,Camille Authier,841,6,,15,2100,2013-01-01,7,0.2832059
443,842,Biju Deb,842,6,,8730,2600,2013-01-01,7,0.42480883
444,843,Marija Justina Pasek,843,7,,20931,1100,2013-01-01,7,0.0
445,844,Durdanah Abbasi,844,4,,18865,1890,2013-01-01,7,0.22373265
446,845,Emilie Hrdlickova,845,7,,24164,1400,2013-01-01,7,0.084961765
447,846,Malorie Bousquet,846,6,,35061,2200,2013-01-01,7,0.31152648
448,847,Kristiina Ivanov,847,5,,37884,1890,2013-01-01,7,0.22373265
449,848,Alvin Bollinger,848,5,,7938,2900,2013-01-01,7,0.50977063
450,849,Sabine Zalite,849,4,,14377,1500,2013-01-01,7,0.11328235
451,850,Daakshaayaani Sankaramanchi,850,6,,32359,1900,2013-01-01,7,0.2265647
452,851,Ebru Erdogan,851,6,,31009,1890,2013-01-01,7,0.22373265
453,852,Bhagavaan Atluri,852,4,,7525,2200,2013-01-01,7,0.31152648
454,853,Caterina Pinto,853,6,,242,3000,2013-01-01,7,0.5380912
455,854,Daakshaayaani Kommineni,854,3,,1775,3700,2013-01-01,7,0.73633534
456,855,Anna Mazzanti,855,5,,16185,1680,2013-01-01,7,0.16425942
457,856,Satish Mittal,856,7,,9433,2400,2013-01-01,7,0.36816767
458,857,Clarissa Manfrin,857,6,,2614,2000,2013-01-01,7,0.25488532
459,858,Bimla PrabhupÄda,858,3,,38038,3800,2013-01-01,7,0.7646559
460,859,Shah Alizadeh,859,6,,12751,3000,2013-01-01,7,0.5380912
461,860,Marcela Lucescu,860,7,,11010,2900,2013-01-01,7,0.50977063
462,861,Amarasimha Vinjamuri,861,4,,24553,2500,2013-01-01,7,0.39648825
463,862,Lana Goransson,862,4,,6124,1400,2013-01-01,7,0.084961765
464,863,Jakub Lukes,863,7,,9701,2100,2013-01-01,7,0.2832059
465,864,Mikhail Degtyarev,864,5,,2291,1300,2013-01-01,7,0.056641176
466,865,Bijoya Thakur,865,6,,17730,2900,2013-01-01,7,0.50977063
467,866,Jay Bhuiyan,866,6,,23264,1890,2013-01-01,7,0.22373265
468,867,Jasna Cerkez,867,5,,10367,3700,2013-01-01,7,0.73633534
469,868,Laura Sykorova,868,3,,7861,2000,2013-01-01,7,0.25488532
470,869,Abel Tatarescu,869,3,,18110,3675,2013-01-01,7,0.72925514
471,870,In-Su Bae,870,6,,21638,3600,2013-01-01,7,0.7080147
472,871,Darshana Madhunapantula,871,5,,34181,1800,2013-01-01,7,0.19824412
473,872,Katerina Hadrabova,872,7,,18141,1995,2013-01-01,7,0.25346926
474,873,Hana Hlouskova,873,4,,22915,2700,2013-01-01,7,0.4531294
475,874,Daniel Martensson,874,3,,20668,3197,2013-01-01,7,0.59388274
476,875,Philip Walker,875,3,,35605,3300,2013-01-01,7,0.62305295
477,876,Marie LeBatelier,876,3,,7781,1500,2013-01-01,7,0.11328235
478,877,Leyla Siavashi,877,6,,20902,3300,2013-01-01,7,0.62305295
479,878,Miriam House,878,7,,20610,3700,2013-01-01,7,0.73633534
480,879,Jitka Necesana,879,5,,7403,3200,2013-01-01,7,0.59473234
481,880,Edmee Glissen,880,5,,21432,2600,2013-01-01,7,0.42480883
482,881,Magdalena Michnova,881,5,,37885,3100,2013-01-01,7,0.5664118
483,882,Maryann Huddleston,882,6,,29165,2700,2013-01-01,7,0.4531294
484,883,Radha Barua,883,6,,21604,3500,2013-01-01,7,0.6796941
485,884,Anindya Ghatak,884,5,,33446,3800,2013-01-01,7,0.7646559
486,885,Chandrashekhar Dasgupta,885,7,,24076,2500,2013-01-01,7,0.39648825
487,886,Debbie Molina,886,4,,12693,2400,2013-01-01,7,0.36816767
488,887,Baran Jonsson,887,4,,5682,3990,2013-01-01,7,0.818465
489,888,Jai Lamble,888,7,,14043,3700,2013-01-01,7,0.73633534
490,889,Sointu Savonheimo,889,6,,1121,1300,2013-01-01,7,0.056641176
491,890,Olya Izmaylov,890,5,,11753,4631,2013-01-01,7,1.0
492,891,Taneli Riutta,891,4,,30517,2700,2013-01-01,7,0.4531294
493,892,Bahaar Asef zade,892,4,,372,1890,2013-01-01,7,0.22373265
494,893,Leyla Asef zade,893,3,,36499,2000,2013-01-01,7,0.25488532
495,894,Gabriela Hernandes,894,7,,8317,2300,2013-01-01,7,0.33984706
496,895,Geza Roman,895,7,,25795,2310,2013-01-01,7,0.3426791
497,896,Leonardo Folliero,896,4,,7749,3300,2013-01-01,7,0.62305295
498,897,Allan Mannik,897,7,,18337,3500,2013-01-01,7,0.6796941
499,898,Gopalgobinda Sikdar,898,5,,25639,4095,2013-01-01,7,0.84820163
500,899,Chin-Sun Chang,899,7,,5247,3900,2013-01-01,7,0.7929765
501,900,Lilli Sokk,900,6,,14033,2300,2013-01-01,7,0.33984706
502,901,Adrian Andreasson,901,7,,9445,3000,2013-01-01,7,0.5380912
503,902,Kamila Michnova,902,4,,33867,1700,2013-01-01,7,0.16992353
504,903,Bing Han,903,5,,8493,1600,2013-01-01,7,0.14160295
505,904,Olafs Rozitis,904,7,,31401,4000,2013-01-01,7,0.8212971
506,905,Sara Huiting,905,4,,3425,2400,2013-01-01,7,0.36816767
507,906,Ajitaab Pakalapati,906,5,,5506,3300,2013-01-01,7,0.62305295
508,907,Eugen Agafitei,907,4,,31249,3500,2013-01-01,7,0.6796941
509,908,Sumati Bhat,908,3,,14591,3500,2013-01-01,7,0.6796941
510,909,Dena Glissen,909,4,,7050,3200,2013-01-01,7,0.59473234
511,910,Elina Kaleja,910,6,,13333,1200,2013-01-01,7,0.028320588
512,911,Liidia Lepp,911,6,,25078,3360,2013-01-01,7,0.6400453
513,912,Volkan senturk,912,5,,37938,2600,2013-01-01,7,0.42480883
514,913,Violetta KlanCisar,913,4,,2175,3045,2013-01-01,7,0.55083543
515,914,Chandana Shasthri,914,4,,23796,3675,2013-01-01,7,0.72925514
516,915,Ana Florea,915,7,,4430,1985,2013-01-01,7,0.2506372
517,916,Pinja Jantunen,916,6,,23734,1400,2013-01-01,7,0.084961765
518,917,Pari Hosseini,917,3,,31936,1300,2013-01-01,7,0.056641176
519,918,Isidora Morales,918,3,,34699,1600,2013-01-01,7,0.14160295
520,919,Kertu Sokk,919,5,,14019,3000,2013-01-01,7,0.5380912
521,920,Gayatri Gajula,920,5,,31348,4000,2013-01-01,7,0.8212971
522,921,Victoria Lacusta,921,4,,7408,3885,2013-01-01,7,0.7887284
523,922,Sumati Chatterjee,922,6,,24668,2520,2013-01-01,7,0.40215236
524,923,Tai Bach,923,3,,12040,3700,2013-01-01,7,0.73633534
525,924,Eva Schulteisz,924,3,,15461,2700,2013-01-01,7,0.4531294
526,925,Can ozcan,925,7,,25354,3900,2013-01-01,7,0.7929765
527,926,Richard Friar,926,7,,24589,2200,2013-01-01,7,0.31152648
528,927,Matyas Sedlar,927,3,,4977,1470,2013-01-01,7,0.10478618
529,928,Arijit Bhuiyan,928,5,,10831,2200,2013-01-01,7,0.31152648
530,929,Vladimir Henzl,929,4,,27559,1600,2013-01-01,7,0.14160295
531,930,Shantanu Huq,930,6,,7890,3400,2013-01-01,7,0.65137357
532,931,Nada Jovanovic,931,7,,24764,2300,2013-01-01,7,0.33984706
533,932,Nicolo Cattaneo,932,7,,30803,1800,2013-01-01,7,0.19824412
534,933,Joel Carrillo,933,5,,9427,3700,2013-01-01,7,0.73633534
535,934,Ivan Sepulveda,934,3,,24805,2205,2013-01-01,7,0.3129425
536,935,Daevasree Samavedam,935,7,,13360,1700,2013-01-01,7,0.16992353
537,936,Ludmila Smidova,936,3,,33747,3900,2013-01-01,7,0.7929765
538,937,Manca Hrastovsek,937,6,,32267,1155,2013-01-01,7,0.015576324
539,938,Anna Gyarmathi,938,3,,17329,3300,2013-01-01,7,0.62305295
540,939,Ioana Florea,939,4,,23550,2000,2013-01-01,7,0.25488532
541,940,Lorin Astrom,940,6,,27543,1200,2013-01-01,7,0.028320588
542,941,Bishwa Chatterjee,941,3,,18332,1700,2013-01-01,7,0.16992353
543,942,Chaayaadaevi Sonti,942,7,,29123,1700,2013-01-01,7,0.16992353
544,943,Drazenka Jelic,943,3,,6221,2600,2013-01-01,7,0.42480883
545,944,Ida Celma,944,3,,14931,3990,2013-01-01,7,0.818465
546,945,Hoc Tran,945,5,,36973,1470,2013-01-01,7,0.10478618
547,946,David safranek,946,4,,34280,3990,2013-01-01,7,0.818465
548,947,Svetlana Todorovic,947,4,,35193,2800,2013-01-01,7,0.48145002
549,948,Richard Zahradnicek,948,4,,16893,3300,2013-01-01,7,0.62305295
550,949,Seo-yun Paik,949,7,,17151,3500,2013-01-01,7,0.6796941
551,950,Emily Whittle,950,7,,16257,2900,2013-01-01,7,0.50977063
552,951,Eliza Persson,951,4,,17053,3300,2013-01-01,7,0.62305295
553,952,Chuan Wattanasin,952,3,,11626,3200,2013-01-01,7,0.59473234
554,953,Linh Dao,953,4,,21191,3200,2013-01-01,7,0.59473234
555,954,Nasrin Omidzadeh,954,4,,21161,3800,2013-01-01,7,0.7646559
556,955,Raghu Sandhu,955,3,,3700,1700,2013-01-01,7,0.16992353
557,956,Nhung Thach,956,5,,28502,1800,2013-01-01,7,0.19824412
558,957,Hee-Young Suh,957,3,,24340,2200,2013-01-01,7,0.31152648
559,958,Valentin Tirlea,958,6,,26769,3300,2013-01-01,7,0.62305295
560,959,Dhaatri Chavva,959,3,,10059,1900,2013-01-01,7,0.2265647
561,960,Edgar Jogi,960,5,,3501,1500,2013-01-01,7,0.11328235
562,961,Rani Ganguly,961,6,,1246,3600,2013-01-01,7,0.7080147
563,962,Bhagavati Vinjamuri,962,4,,11008,1400,2013-01-01,7,0.084961765
564,963,Be Trang,963,7,,36091,2700,2013-01-01,7,0.4531294
565,964,Ingrida Zeltina,964,4,,34422,2600,2013-01-01,7,0.42480883
566,965,Phoung Cu,965,7,,21427,3000,2013-01-01,7,0.5380912
567,966,Sara Walkky,966,4,,6402,2100,2013-01-01,7,0.2832059
568,967,Meera Patel,967,6,,14492,2100,2013-01-01,7,0.2832059
569,968,Anca Gogean,968,7,,1245,3400,2013-01-01,7,0.65137357
570,969,Staffan Persson,969,5,,26778,3300,2013-01-01,7,0.62305295
571,970,Isidora Urias,970,3,,3894,2300,2013-01-01,7,0.33984706
572,971,Dhanishta Mokkapati,971,7,,16416,3150,2013-01-01,7,0.58057207
573,972,Lakshmi Benipal,972,5,,19839,2100,2013-01-01,7,0.2832059
574,973,Kumar Kamei,973,3,,22085,3300,2013-01-01,7,0.62305295
575,974,Emil Roman,974,5,,18004,1600,2013-01-01,7,0.14160295
576,975,Prabodh Nair,975,3,,34530,3000,2013-01-01,7,0.5380912
577,976,Alinne Matos,976,5,,30906,3859,2013-01-01,7,0.78136504
578,977,Mauno Laurila,977,3,,24590,1400,2013-01-01,7,0.084961765
579,978,Baalaamjali Devulapalli,978,4,,28032,3465,2013-01-01,7,0.6697819
580,979,Melani Ravlen,979,7,,7485,3300,2013-01-01,7,0.62305295
581,980,Om Yadav,980,3,,20270,2900,2013-01-01,7,0.50977063
582,981,Mahmut ozbek,981,6,,2782,3400,2013-01-01,7,0.65137357
583,982,Yves Belisle,982,4,,35635,3150,2013-01-01,7,0.58057207
584,983,Sabine Alksne,983,4,,13669,2600,2013-01-01,7,0.42480883
585,984,Kamala Nishad,984,7,,14268,2900,2013-01-01,7,0.50977063
586,985,Roko Ilic,985,7,,13692,2400,2013-01-01,7,0.36816767
587,986,Neil Farrelly,986,3,,29938,1680,2013-01-01,7,0.16425942
588,987,Akhil Nadar,987,4,,30779,3465,2013-01-01,7,0.6697819
589,988,Maksims Krastins,988,6,,19979,1900,2013-01-01,7,0.2265647
590,989,Milinka Zujovic,989,6,,38184,1600,2013-01-01,7,0.14160295
591,990,Andris Saulitis,990,7,,10233,2500,2013-01-01,7,0.39648825
592,991,Valter Viiding,991,4,,8294,3600,2013-01-01,7,0.7080147
593,992,Amarakumaar Gadiyaram,992,3,,35503,1800,2013-01-01,7,0.19824412
594,993,Gasper Havzija,993,6,,31323,3500,2013-01-01,7,0.6796941
595,994,Libuse Kuchtova,994,4,,35082,2400,2013-01-01,7,0.36816767
596,995,Kumar Naicker,995,3,,25170,1100,2013-01-01,7,0.0
597,996,Laszlo Gardenier,996,6,,21001,2200,2013-01-01,7,0.31152648
598,997,Nada Ana Slosar,997,4,,6907,3500,2013-01-01,7,0.6796941
599,998,Mahavir Sonkar,998,5,,26300,3300,2013-01-01,7,0.62305295
600,999,Kristi Part,999,4,,38036,3600,2013-01-01,7,0.7080147
601,1000,Krishnam Allu,1000,3,,5645,2300,2013-01-01,7,0.33984706
602,1001,Dinh Mai,1001,5,,9258,3900,2013-01-27,7,0.7929765
603,1002,Stefan Selezeanu,1002,5,,7529,3300,2013-02-22,7,0.62305295
604,1003,Hue Ton,1003,4,,15689,4095,2013-03-25,7,0.84820163
605,1004,Drishti Bose,1004,6,,36434,3600,2013-04-01,7,0.7080147
606,1005,Bhadram Kamasamudram,1005,3,,36365,2300,2013-04-06,7,0.33984706
607,1006,Taj Syme,1006,3,,25083,3100,2013-04-10,7,0.5664118
608,1007,Irma Berzina,1007,7,,24180,2600,2013-04-13,7,0.42480883
609,1008,Vedrana Kovacevic,1008,3,,28434,2100,2013-04-14,7,0.2832059
610,1009,Bhagavateeprasaad Malladi,1009,5,,13896,2800,2013-05-03,7,0.48145002
611,1010,Serdar ozCelik,1010,4,,8562,1200,2013-05-06,7,0.028320588
612,1011,Rajeev Sandhu,1011,6,,35951,4000,2013-06-11,7,0.8212971
613,1012,Urve Kasesalu,1012,7,,6206,2000,2013-06-16,7,0.25488532
614,1013,Annette  Hetu,1013,5,,14522,3900,2013-06-22,7,0.7929765
615,1014,Narendra Tickoo,1014,3,,9099,3100,2013-07-18,7,0.5664118
616,1015,Isa Hulsegge,1015,5,,30734,1500,2013-08-01,7,0.11328235
617,1016,Aive Petrov,1016,4,,35470,3100,2013-08-10,7,0.5664118
618,1017,David Novacek ,1017,6,,7668,2730,2013-08-15,7,0.4616256
619,1018,Nils Kaulins,1018,5,,14041,1700,2013-09-08,7,0.16992353
620,1019,Dhanishta Pullela,1019,3,,12563,1575,2013-10-03,7,0.1345228
621,1020,Hai Banh,1020,5,,6574,2625,2013-10-23,7,0.431889
622,1021,Fabrice Cloutier,1021,4,,32558,1100,2013-11-19,7,0.0
623,1022,Nadir Seddigh,1022,5,,3048,3000,2013-11-25,7,0.5380912
624,1023,Farzana Habibi,1023,7,,4270,2900,2013-12-01,7,0.50977063
625,1024,Arka Chatterjee,1024,4,,4795,3500,2013-12-26,7,0.6796941
626,1025,Tuulikki Linna,1025,6,,25771,1300,2014-01-15,7,0.056641176
627,1026,Daniella Cavalcante,1026,5,,28385,1470,2014-01-17,7,0.10478618
628,1027,Serdar ozden,1027,7,,28817,2100,2014-02-22,7,0.2832059
629,1028,Emma Van Zant,1028,6,,37886,2400,2014-05-14,7,0.36816767
630,1029,Veronika Necesana,1029,3,,9331,3900,2014-05-18,7,0.7929765
631,1030,Chompoo Atitarn,1030,5,,1326,4000,2014-06-18,7,0.8212971
632,1031,Dipti Shah,1031,6,,30830,3700,2014-08-03,7,0.73633534
633,1032,Som Mukherjee,1032,3,,22998,3100,2014-08-25,7,0.5664118
634,1033,Cuneyt Arslan,1033,4,,17992,2000,2014-08-26,7,0.25488532
635,1034,Aishwarya Dantuluri,1034,3,,3018,3885,2014-09-03,7,0.7887284
636,1035,Manjunatha Karnik,1035,5,,37898,3300,2014-11-08,7,0.62305295
637,1036,Erik Malk,1036,5,,2053,1700,2014-11-13,7,0.16992353
638,1037,David Jaramillo,1037,7,,28918,2100,2014-11-21,7,0.2832059
639,1038,Damodara Trivedi,1038,6,,33644,2000,2014-12-03,7,0.25488532
640,1039,Bhaamini Palagummi,1039,6,,18410,2300,2015-01-13,7,0.33984706
641,1040,Damodar Shenoy,1040,3,,30865,2400,2015-01-16,7,0.36816767
642,1041,Tomo Vidovic,1041,4,,34371,2900,2015-01-18,7,0.50977063
643,1042,Nguyen Banh,1042,3,,11696,2500,2015-01-22,7,0.39648825
644,1043,Raj Verma,1043,7,,7113,3500,2015-01-30,7,0.6796941
645,1044,Hanita Nookala,1044,3,,21650,2000,2015-02-12,7,0.25488532
646,1045,Matteo Cattaneo,1045,4,,24352,2400,2015-02-22,7,0.36816767
647,1046,Christian Couet,1046,5,,13799,2940,2015-06-12,7,0.52109885
648,1047,Ivana Hadrabova,1047,5,,18648,1600,2015-07-28,7,0.14160295
649,1048,Abhra Ganguly,1048,6,,35684,3000,2015-08-09,7,0.5380912
650,1049,Amet Shergill,1049,7,,37988,1200,2015-08-13,7,0.028320588
651,1050,Amrita Ganguly,1050,4,,26010,3100,2015-09-23,7,0.5664118
652,1051,Sylvie Laramee,1051,6,,16702,2800,2015-09-24,7,0.48145002
653,1052,Ian Olofsson,1052,4,,19374,3300,2015-09-26,7,0.62305295
654,1053,Luis Saucedo,1053,5,,19507,2300,2015-11-27,7,0.33984706
655,1054,Emma Salpa,1054,4,,29391,1600,2015-11-29,7,0.14160295
656,1055,Adriana Pena,1055,5,,29158,3800,2015-11-30,7,0.7646559
657,1056,Kalyani Benjaree,1056,7,,3714,4000,2015-12-20,7,0.8212971
658,1057,Ganesh Majumdar,1057,5,,25608,1600,2016-01-09,7,0.14160295
659,1058,Jaroslav Fisar,1058,6,,31564,1900,2016-02-01,7,0.2265647
660,1059,Jibek Juniskyzy,1059,4,,10483,1800,2016-03-13,7,0.19824412
661,1060,Anand Mudaliyar,1060,7,,22090,1100,2016-04-23,7,0.0
662,1061,Agrita Abele,1061,5,,19881,1600,2016-05-07,7,0.14160295
